company,location,title
Cresa,"Boca Raton, FL",Administrative Assistant
Blue Compass RV,"Montgomery, AL",Maintenance Technician
Sunstates Security,"Fort Worth, TX",Armed Security Officers - Flex - All Shifts - $20.00/hr - Hiring Immediately!
Krystal Restaurants LLC,"Flowood, MS",Crew Member
AVI Foodsystems,"Vance, AL",Dishwasher
AVI Foodsystems,"Vance, AL",Dishwasher
Sunstates Security,"Mapleton, IL",Firefighters - All Shifts - $24 - $26/hr - Hiring Immediately!
AVI Foodsystems,"Cleveland, OH",Cook
AVI Foodsystems,"Jamestown, NY",Office Generalist
AVI Foodsystems,"Lafayette, IN","Warehouse Worker, Part-time"
AVI Foodsystems,"Warren, MI","Warehouse Worker, Part-time"
Sunstates Security,"Marble Falls, TX",Armed Flex Security Officers - $22/hr - Hiring Immediately!
AVI Foodsystems,"Buffalo, NY","Warehouse Worker, Part- Time"
AVI Foodsystems,"Canton, OH","Warehouse Worker, Part-time"
Cresa,"Dallas, TX",Accounting Manager
Sunstates Security,"Goldsboro, NC",Security Officers - Full Time - All Shifts - $11.50/hr - Hiring Immediately!
Sunstates Security,"Ashburn, VA",Security Officers - Full Time & Flex - $23/hr - $500 Bonus - Hiring Immediately!
AVI Foodsystems,"Sidney, OH","Warehouse Worker, Part-time"
Sunstates Security,"Decatur, IL",Security Officers - All Shifts - $17.50/hr - Hiring Immediately!
Sunstates Security,"Mooresville, NC",All Shifts - Security Officers - $14.10-16.10/hr - Hiring immediately!
Sunstates Security,"Erlanger, KY",Security Officers - Full Time - $16/hr - Hiring Immediately!
Sunstates Security,"Greendale, IN",Security Officers - Full Time - $18/hr - Hiring Immediately!
Sunstates Security,"Silver Spring, MD",Security Officers - Full Time -  $23 - $24/hr - Hiring Immediately!
Sunstates Security,"Houston, TX",Armed Security Officers - All shifts - $20.00/hr- $25.00/hr - Hiring Immediately!
